key,version,date_from,date_to,CodigoCNAEPrincipal,DescricaoCNAEPrincipal
0,1,"1970-01-01 00:00:01","2038-01-01 00:00:00",0,"Sem descricao"
1,1,"1900-01-01 00:00:00","2037-12-31 23:59:59",111302,"CULTIVO DE MILH"
2,1,"1900-01-01 00:00:00","2037-12-31 23:59:59",121101,"HORTICULTURA, E"
3,1,"1900-01-01 00:00:00","2037-12-31 23:59:59",133407,"CULTIVO DE MAÇÃ"
4,1,"1900-01-01 00:00:00","2037-12-31 23:59:59",155502,"PRODUÇÃO DE PIN"
5,1,"1900-01-01 00:00:00","2037-12-31 23:59:59",159801,APICULTURA
6,1,"1900-01-01 00:00:00","2037-12-31 23:59:59",161099,"ATIVIDADES DE A"
7,1,"1900-01-01 00:00:00","2037-12-31 23:59:59",162899,"ATIVIDADES DE A"
8,1,"1900-01-01 00:00:00","2037-12-31 23:59:59",210101,"CULTIVO DE EUCA"
9,1,"1900-01-01 00:00:00","2037-12-31 23:59:59",230600,"ATIVIDADES DE A"
10,1,"1900-01-01 00:00:00","2037-12-31 23:59:59",311601,"PESCA DE PEIXES"
11,1,"1900-01-01 00:00:00","2037-12-31 23:59:59",322101,"CRIAÇÃO DE PEIX"
12,1,"1900-01-01 00:00:00","2037-12-31 23:59:59",600001,"EXTRAÇÃO DE PET"
13,1,"1900-01-01 00:00:00","2037-12-31 23:59:59",710301,"EXTRAÇÃO DE MIN"
14,1,"1900-01-01 00:00:00","2037-12-31 23:59:59",724301,"EXTRAÇÃO DE MIN"
15,1,"1900-01-01 00:00:00","2037-12-31 23:59:59",810007,"EXTRAÇÃO DE ARG"
16,1,"1900-01-01 00:00:00","2037-12-31 23:59:59",810099,"EXTRAÇÃO E BRIT"
17,1,"1900-01-01 00:00:00","2037-12-31 23:59:59",899102,"EXTRAÇÃO DE QUA"
18,1,"1900-01-01 00:00:00","2037-12-31 23:59:59",899199,"EXTRAÇÃO DE OUT"
19,1,"1900-01-01 00:00:00","2037-12-31 23:59:59",1011201,"FRIGORÍFICO - A"
20,1,"1900-01-01 00:00:00","2037-12-31 23:59:59",1012101,"ABATE DE AVES"
21,1,"1900-01-01 00:00:00","2037-12-31 23:59:59",1012103,"FRIGORÍFICO - A"
22,1,"1900-01-01 00:00:00","2037-12-31 23:59:59",1013901,"FABRICAÇÃO DE P"
23,1,"1900-01-01 00:00:00","2037-12-31 23:59:59",1020101,"PRESERVAÇÃO DE "
24,1,"1900-01-01 00:00:00","2037-12-31 23:59:59",1020102,"FABRICAÇÃO DE C"
25,1,"1900-01-01 00:00:00","2037-12-31 23:59:59",1031700,"FABRICAÇÃO DE C"
26,1,"1900-01-01 00:00:00","2037-12-31 23:59:59",1032599,"FABRICAÇÃO DE C"
27,1,"1900-01-01 00:00:00","2037-12-31 23:59:59",1033301,"FABRICAÇÃO DE S"
28,1,"1900-01-01 00:00:00","2037-12-31 23:59:59",1033302,"FABRICAÇÃO DE S"
29,1,"1900-01-01 00:00:00","2037-12-31 23:59:59",1041400,"FABRICAÇÃO DE Ó"
30,1,"1900-01-01 00:00:00","2037-12-31 23:59:59",1042200,"FABRICAÇÃO DE Ó"
31,1,"1900-01-01 00:00:00","2037-12-31 23:59:59",1051100,"PREPARAÇÃO DO L"
32,1,"1900-01-01 00:00:00","2037-12-31 23:59:59",1052000,"FABRICAÇÃO DE L"
33,1,"1900-01-01 00:00:00","2037-12-31 23:59:59",1053800,"FABRICAÇÃO DE S"
34,1,"1900-01-01 00:00:00","2037-12-31 23:59:59",1061901,"BENEFICIAMENTO "
35,1,"1900-01-01 00:00:00","2037-12-31 23:59:59",1062700,"MOAGEM DE TRIGO"
36,1,"1900-01-01 00:00:00","2037-12-31 23:59:59",1066000,"FABRICAÇÃO DE A"
37,1,"1900-01-01 00:00:00","2037-12-31 23:59:59",1069400,"MOAGEM E FABRIC"
38,1,"1900-01-01 00:00:00","2037-12-31 23:59:59",1071600,"FABRICAÇÃO DE A"
39,1,"1900-01-01 00:00:00","2037-12-31 23:59:59",1081302,"TORREFAÇÃO E MO"
40,1,"1900-01-01 00:00:00","2037-12-31 23:59:59",1092900,"FABRICAÇÃO DE B"
41,1,"1900-01-01 00:00:00","2037-12-31 23:59:59",1093701,"FABRICAÇÃO DE P"
42,1,"1900-01-01 00:00:00","2037-12-31 23:59:59",1093702,"FABRICAÇÃO DE F"
43,1,"1900-01-01 00:00:00","2037-12-31 23:59:59",1094500,"FABRICAÇÃO DE M"
44,1,"1900-01-01 00:00:00","2037-12-31 23:59:59",1095300,"FABRICAÇÃO DE E"
45,1,"1900-01-01 00:00:00","2037-12-31 23:59:59",1096100,"FABRICAÇÃO DE A"
46,1,"1900-01-01 00:00:00","2037-12-31 23:59:59",1099602,"FABRICAÇÃO DE P"
47,1,"1900-01-01 00:00:00","2037-12-31 23:59:59",1099604,"FABRICAÇÃO DE G"
48,1,"1900-01-01 00:00:00","2037-12-31 23:59:59",1099605,"FABRICAÇÃO DE P"
49,1,"1900-01-01 00:00:00","2037-12-31 23:59:59",1099699,"FABRICAÇÃO DE O"
50,1,"1900-01-01 00:00:00","2037-12-31 23:59:59",1111901,"FABRICAÇÃO DE A"
51,1,"1900-01-01 00:00:00","2037-12-31 23:59:59",1111902,"FABRICAÇÃO DE O"
52,1,"1900-01-01 00:00:00","2037-12-31 23:59:59",1113502,"FABRICAÇÃO DE C"
53,1,"1900-01-01 00:00:00","2037-12-31 23:59:59",1121600,"FABRICAÇÃO DE Á"
54,1,"1900-01-01 00:00:00","2037-12-31 23:59:59",1122401,"FABRICAÇÃO DE R"
55,1,"1900-01-01 00:00:00","2037-12-31 23:59:59",1122403,"FABRICAÇÃO DE R"
56,1,"1900-01-01 00:00:00","2037-12-31 23:59:59",1210700,"PROCESSAMENTO I"
57,1,"1900-01-01 00:00:00","2037-12-31 23:59:59",1220401,"FABRICAÇÃO DE C"
58,1,"1900-01-01 00:00:00","2037-12-31 23:59:59",1311100,"PREPARAÇÃO E FI"
59,1,"1900-01-01 00:00:00","2037-12-31 23:59:59",1321900,"TECELAGEM DE FI"
60,1,"1900-01-01 00:00:00","2037-12-31 23:59:59",1330800,"FABRICAÇÃO DE T"
61,1,"1900-01-01 00:00:00","2037-12-31 23:59:59",1340501,"ESTAMPARIA E TE"
62,1,"1900-01-01 00:00:00","2037-12-31 23:59:59",1340599,"OUTROS SERVIÇOS"
63,1,"1900-01-01 00:00:00","2037-12-31 23:59:59",1351100,"FABRICAÇÃO DE A"
64,1,"1900-01-01 00:00:00","2037-12-31 23:59:59",1352900,"FABRICAÇÃO DE A"
65,1,"1900-01-01 00:00:00","2037-12-31 23:59:59",1354500,"FABRICAÇÃO DE T"
66,1,"1900-01-01 00:00:00","2037-12-31 23:59:59",1359600,"FABRICAÇÃO DE O"
67,1,"1900-01-01 00:00:00","2037-12-31 23:59:59",1411801,"CONFECÇÃO DE RO"
68,1,"1900-01-01 00:00:00","2037-12-31 23:59:59",1412601,"CONFECÇÃO DE PE"
69,1,"1900-01-01 00:00:00","2037-12-31 23:59:59",1412602,"CONFECÇÃO, SOB "
70,1,"1900-01-01 00:00:00","2037-12-31 23:59:59",1412603,"FACÇÃO DE PEÇAS"
71,1,"1900-01-01 00:00:00","2037-12-31 23:59:59",1413401,"CONFECÇÃO DE RO"
72,1,"1900-01-01 00:00:00","2037-12-31 23:59:59",1413403,"FACÇÃO DE ROUPA"
73,1,"1900-01-01 00:00:00","2037-12-31 23:59:59",1414200,"FABRICAÇÃO DE A"
74,1,"1900-01-01 00:00:00","2037-12-31 23:59:59",1421500,"FABRICAÇÃO DE M"
75,1,"1900-01-01 00:00:00","2037-12-31 23:59:59",1422300,"FABRICAÇÃO DE A"
76,1,"1900-01-01 00:00:00","2037-12-31 23:59:59",1521100,"FABRICAÇÃO DE A"
77,1,"1900-01-01 00:00:00","2037-12-31 23:59:59",1531901,"FABRICAÇÃO DE C"
78,1,"1900-01-01 00:00:00","2037-12-31 23:59:59",1531902,"ACABAMENTO DE C"
79,1,"1900-01-01 00:00:00","2037-12-31 23:59:59",1532700,"FABRICAÇÃO DE T"
80,1,"1900-01-01 00:00:00","2037-12-31 23:59:59",1533500,"FABRICAÇÃO DE C"
81,1,"1900-01-01 00:00:00","2037-12-31 23:59:59",1539400,"FABRICAÇÃO DE C"
82,1,"1900-01-01 00:00:00","2037-12-31 23:59:59",1540800,"FABRICAÇÃO DE P"
83,1,"1900-01-01 00:00:00","2037-12-31 23:59:59",1610201,"SERRARIAS COM D"
84,1,"1900-01-01 00:00:00","2037-12-31 23:59:59",1621800,"FABRICAÇÃO DE M"
85,1,"1900-01-01 00:00:00","2037-12-31 23:59:59",1622602,"FABRICAÇÃO DE E"
86,1,"1900-01-01 00:00:00","2037-12-31 23:59:59",1622699,"FABRICAÇÃO DE O"
87,1,"1900-01-01 00:00:00","2037-12-31 23:59:59",1629301,"FABRICAÇÃO DE A"
88,1,"1900-01-01 00:00:00","2037-12-31 23:59:59",1629302,"FABRICAÇÃO DE A"
89,1,"1900-01-01 00:00:00","2037-12-31 23:59:59",1721400,"FABRICAÇÃO DE P"
90,1,"1900-01-01 00:00:00","2037-12-31 23:59:59",1731100,"FABRICAÇÃO DE E"
91,1,"1900-01-01 00:00:00","2037-12-31 23:59:59",1733800,"FABRICAÇÃO DE C"
92,1,"1900-01-01 00:00:00","2037-12-31 23:59:59",1741902,"FABRICAÇÃO DE P"
93,1,"1900-01-01 00:00:00","2037-12-31 23:59:59",1742701,"FABRICAÇÃO DE F"
94,1,"1900-01-01 00:00:00","2037-12-31 23:59:59",1811301,"IMPRESSÃO DE JO"
95,1,"1900-01-01 00:00:00","2037-12-31 23:59:59",1811302,"IMPRESSÃO DE LI"
96,1,"1900-01-01 00:00:00","2037-12-31 23:59:59",1813001,"IMPRESSÃO DE MA"
97,1,"1900-01-01 00:00:00","2037-12-31 23:59:59",1813099,"IMPRESSÃO DE MA"
98,1,"1900-01-01 00:00:00","2037-12-31 23:59:59",1821100,"SERVIÇOS DE PRÉ"
99,1,"1900-01-01 00:00:00","2037-12-31 23:59:59",1830001,"REPRODUÇÃO DE S"
100,1,"1900-01-01 00:00:00","2037-12-31 23:59:59",1921700,"FABRICAÇÃO DE P"
101,1,"1900-01-01 00:00:00","2037-12-31 23:59:59",2014200,"FABRICAÇÃO DE G"
102,1,"1900-01-01 00:00:00","2037-12-31 23:59:59",2029100,"FABRICAÇÃO DE P"
103,1,"1900-01-01 00:00:00","2037-12-31 23:59:59",2061400,"FABRICAÇÃO DE S"
104,1,"1900-01-01 00:00:00","2037-12-31 23:59:59",2062200,"FABRICAÇÃO DE P"
105,1,"1900-01-01 00:00:00","2037-12-31 23:59:59",2063100,"FABRICAÇÃO DE C"
106,1,"1900-01-01 00:00:00","2037-12-31 23:59:59",2071100,"FABRICAÇÃO DE T"
107,1,"1900-01-01 00:00:00","2037-12-31 23:59:59",2073800,"FABRICAÇÃO DE I"
108,1,"1900-01-01 00:00:00","2037-12-31 23:59:59",2099199,"FABRICAÇÃO DE O"
109,1,"1900-01-01 00:00:00","2037-12-31 23:59:59",2121101,"FABRICAÇÃO DE M"
110,1,"1900-01-01 00:00:00","2037-12-31 23:59:59",2122000,"FABRICAÇÃO DE M"
111,1,"1900-01-01 00:00:00","2037-12-31 23:59:59",2211100,"FABRICAÇÃO DE P"
112,1,"1900-01-01 00:00:00","2037-12-31 23:59:59",2212900,"REFORMA DE PNEU"
113,1,"1900-01-01 00:00:00","2037-12-31 23:59:59",2219600,"FABRICAÇÃO DE A"
114,1,"1900-01-01 00:00:00","2037-12-31 23:59:59",2222600,"FABRICAÇÃO DE E"
115,1,"1900-01-01 00:00:00","2037-12-31 23:59:59",2223400,"FABRICAÇÃO DE T"
116,1,"1900-01-01 00:00:00","2037-12-31 23:59:59",2229301,"FABRICAÇÃO DE A"
117,1,"1900-01-01 00:00:00","2037-12-31 23:59:59",2229302,"FABRICAÇÃO DE A"
118,1,"1900-01-01 00:00:00","2037-12-31 23:59:59",2229303,"FABRICAÇÃO DE A"
119,1,"1900-01-01 00:00:00","2037-12-31 23:59:59",2229399,"FABRICAÇÃO DE A"
120,1,"1900-01-01 00:00:00","2037-12-31 23:59:59",2311700,"FABRICAÇÃO DE V"
121,1,"1900-01-01 00:00:00","2037-12-31 23:59:59",2319200,"FABRICAÇÃO DE A"
122,1,"1900-01-01 00:00:00","2037-12-31 23:59:59",2320600,"FABRICAÇÃO DE C"
123,1,"1900-01-01 00:00:00","2037-12-31 23:59:59",2330301,"FABRICAÇÃO DE E"
124,1,"1900-01-01 00:00:00","2037-12-31 23:59:59",2330302,"FABRICAÇÃO DE A"
125,1,"1900-01-01 00:00:00","2037-12-31 23:59:59",2330303,"FABRICAÇÃO DE A"
126,1,"1900-01-01 00:00:00","2037-12-31 23:59:59",2330305,"PREPARAÇÃO DE M"
127,1,"1900-01-01 00:00:00","2037-12-31 23:59:59",2330399,"FABRICAÇÃO DE O"
128,1,"1900-01-01 00:00:00","2037-12-31 23:59:59",2342701,"FABRICAÇÃO DE A"
129,1,"1900-01-01 00:00:00","2037-12-31 23:59:59",2342702,"FABRICAÇÃO DE A"
130,1,"1900-01-01 00:00:00","2037-12-31 23:59:59",2349401,"FABRICAÇÃO DE M"
131,1,"1900-01-01 00:00:00","2037-12-31 23:59:59",2349499,"FABRICAÇÃO DE P"
132,1,"1900-01-01 00:00:00","2037-12-31 23:59:59",2391502,"APARELHAMENTO D"
133,1,"1900-01-01 00:00:00","2037-12-31 23:59:59",2391503,"APARELHAMENTO D"
134,1,"1900-01-01 00:00:00","2037-12-31 23:59:59",2399101,"DECORAÇÃO, LAPI"
135,1,"1900-01-01 00:00:00","2037-12-31 23:59:59",2399199,"FABRICAÇÃO DE O"
136,1,"1900-01-01 00:00:00","2037-12-31 23:59:59",2424501,"PRODUÇÃO DE ARA"
137,1,"1900-01-01 00:00:00","2037-12-31 23:59:59",2424502,"PRODUÇÃO DE REL"
138,1,"1900-01-01 00:00:00","2037-12-31 23:59:59",2449199,"METALURGIA DE O"
139,1,"1900-01-01 00:00:00","2037-12-31 23:59:59",2451200,"FUNDIÇÃO DE FER"
140,1,"1900-01-01 00:00:00","2037-12-31 23:59:59",2452100,"FUNDIÇÃO DE MET"
141,1,"1900-01-01 00:00:00","2037-12-31 23:59:59",2511000,"FABRICAÇÃO DE E"
142,1,"1900-01-01 00:00:00","2037-12-31 23:59:59",2512800,"FABRICAÇÃO DE E"
143,1,"1900-01-01 00:00:00","2037-12-31 23:59:59",2521700,"FABRICAÇÃO DE T"
144,1,"1900-01-01 00:00:00","2037-12-31 23:59:59",2532201,"PRODUÇÃO DE ART"
145,1,"1900-01-01 00:00:00","2037-12-31 23:59:59",2541100,"FABRICAÇÃO DE A"
146,1,"1900-01-01 00:00:00","2037-12-31 23:59:59",2542000,"FABRICAÇÃO DE A"
147,1,"1900-01-01 00:00:00","2037-12-31 23:59:59",2543800,"FABRICAÇÃO DE F"
148,1,"1900-01-01 00:00:00","2037-12-31 23:59:59",2550102,"FABRICAÇÃO DE A"
149,1,"1900-01-01 00:00:00","2037-12-31 23:59:59",2593400,"FABRICAÇÃO DE A"
150,1,"1900-01-01 00:00:00","2037-12-31 23:59:59",2599399,"FABRICAÇÃO DE O"
151,1,"1900-01-01 00:00:00","2037-12-31 23:59:59",2610800,"FABRICAÇÃO DE C"
152,1,"1900-01-01 00:00:00","2037-12-31 23:59:59",2621300,"FABRICAÇÃO DE E"
153,1,"1900-01-01 00:00:00","2037-12-31 23:59:59",2622100,"FABRICAÇÃO DE P"
154,1,"1900-01-01 00:00:00","2037-12-31 23:59:59",2631100,"FABRICAÇÃO DE E"
155,1,"1900-01-01 00:00:00","2037-12-31 23:59:59",2632900,"FABRICAÇÃO DE A"
156,1,"1900-01-01 00:00:00","2037-12-31 23:59:59",2640000,"FABRICAÇÃO DE A"
157,1,"1900-01-01 00:00:00","2037-12-31 23:59:59",2651500,"FABRICAÇÃO DE A"
158,1,"1900-01-01 00:00:00","2037-12-31 23:59:59",2652300,"FABRICAÇÃO DE C"
159,1,"1900-01-01 00:00:00","2037-12-31 23:59:59",2660400,"FABRICAÇÃO DE A"
160,1,"1900-01-01 00:00:00","2037-12-31 23:59:59",2670101,"FABRICAÇÃO DE E"
161,1,"1900-01-01 00:00:00","2037-12-31 23:59:59",2710401,"FABRICAÇÃO DE G"
162,1,"1900-01-01 00:00:00","2037-12-31 23:59:59",2710402,"FABRICAÇÃO DE T"
163,1,"1900-01-01 00:00:00","2037-12-31 23:59:59",2721000,"FABRICAÇÃO DE P"
164,1,"1900-01-01 00:00:00","2037-12-31 23:59:59",2722801,"FABRICAÇÃO DE B"
165,1,"1900-01-01 00:00:00","2037-12-31 23:59:59",2731700,"FABRICAÇÃO DE A"
166,1,"1900-01-01 00:00:00","2037-12-31 23:59:59",2732500,"FABRICAÇÃO DE M"
167,1,"1900-01-01 00:00:00","2037-12-31 23:59:59",2733300,"FABRICAÇÃO DE F"
168,1,"1900-01-01 00:00:00","2037-12-31 23:59:59",2740601,"FABRICAÇÃO DE L"
169,1,"1900-01-01 00:00:00","2037-12-31 23:59:59",2740602,"FABRICAÇÃO DE L"
170,1,"1900-01-01 00:00:00","2037-12-31 23:59:59",2751100,"FABRICAÇÃO DE F"
171,1,"1900-01-01 00:00:00","2037-12-31 23:59:59",2759701,"FABRICAÇÃO DE A"
172,1,"1900-01-01 00:00:00","2037-12-31 23:59:59",2759799,"FABRICAÇÃO DE O"
173,1,"1900-01-01 00:00:00","2037-12-31 23:59:59",2790202,"FABRICAÇÃO DE E"
174,1,"1900-01-01 00:00:00","2037-12-31 23:59:59",2790299,"FABRICAÇÃO DE O"
175,1,"1900-01-01 00:00:00","2037-12-31 23:59:59",2812700,"FABRICAÇÃO DE E"
176,1,"1900-01-01 00:00:00","2037-12-31 23:59:59",2813500,"FABRICAÇÃO DE V"
177,1,"1900-01-01 00:00:00","2037-12-31 23:59:59",2814301,"FABRICAÇÃO DE C"
178,1,"1900-01-01 00:00:00","2037-12-31 23:59:59",2814302,"FABRICAÇÃO DE C"
179,1,"1900-01-01 00:00:00","2037-12-31 23:59:59",2821601,"FABRICAÇÃO DE F"
180,1,"1900-01-01 00:00:00","2037-12-31 23:59:59",2821602,"FABRICAÇÃO DE E"
181,1,"1900-01-01 00:00:00","2037-12-31 23:59:59",2822401,"FABRICAÇÃO DE M"
182,1,"1900-01-01 00:00:00","2037-12-31 23:59:59",2822402,"FABRICAÇÃO DE M"
183,1,"1900-01-01 00:00:00","2037-12-31 23:59:59",2823200,"FABRICAÇÃO DE M"
184,1,"1900-01-01 00:00:00","2037-12-31 23:59:59",2824101,"FABRICAÇÃO DE A"
185,1,"1900-01-01 00:00:00","2037-12-31 23:59:59",2824102,"FABRICAÇÃO DE A"
186,1,"1900-01-01 00:00:00","2037-12-31 23:59:59",2829199,"FABRICAÇÃO DE O"
187,1,"1900-01-01 00:00:00","2037-12-31 23:59:59",2831300,"FABRICAÇÃO DE T"
188,1,"1900-01-01 00:00:00","2037-12-31 23:59:59",2833000,"FABRICAÇÃO DE M"
189,1,"1900-01-01 00:00:00","2037-12-31 23:59:59",2840200,"FABRICAÇÃO DE M"
190,1,"1900-01-01 00:00:00","2037-12-31 23:59:59",2853400,"FABRICAÇÃO DE T"
191,1,"1900-01-01 00:00:00","2037-12-31 23:59:59",2854200,"FABRICAÇÃO DE M"
192,1,"1900-01-01 00:00:00","2037-12-31 23:59:59",2861500,"FABRICAÇÃO DE M"
193,1,"1900-01-01 00:00:00","2037-12-31 23:59:59",2862300,"FABRICAÇÃO DE M"
194,1,"1900-01-01 00:00:00","2037-12-31 23:59:59",2864000,"FABRICAÇÃO DE M"
195,1,"1900-01-01 00:00:00","2037-12-31 23:59:59",2869100,"FABRICAÇÃO DE M"
196,1,"1900-01-01 00:00:00","2037-12-31 23:59:59",2910701,"FABRICAÇÃO DE A"
197,1,"1900-01-01 00:00:00","2037-12-31 23:59:59",2910703,"FABRICAÇÃO DE M"
198,1,"1900-01-01 00:00:00","2037-12-31 23:59:59",2920401,"FABRICAÇÃO DE C"
199,1,"1900-01-01 00:00:00","2037-12-31 23:59:59",2930101,"FABRICAÇÃO DE C"
200,1,"1900-01-01 00:00:00","2037-12-31 23:59:59",2930103,"FABRICAÇÃO DE C"
201,1,"1900-01-01 00:00:00","2037-12-31 23:59:59",2941700,"FABRICAÇÃO DE P"
202,1,"1900-01-01 00:00:00","2037-12-31 23:59:59",2943300,"FABRICAÇÃO DE P"
203,1,"1900-01-01 00:00:00","2037-12-31 23:59:59",2945000,"FABRICAÇÃO DE M"
204,1,"1900-01-01 00:00:00","2037-12-31 23:59:59",2949299,"FABRICAÇÃO DE O"
205,1,"1900-01-01 00:00:00","2037-12-31 23:59:59",2950600,RECONDICIONAMEN
206,1,"1900-01-01 00:00:00","2037-12-31 23:59:59",3012100,"CONSTRUÇÃO DE E"
207,1,"1900-01-01 00:00:00","2037-12-31 23:59:59",3092000,"FABRICAÇÃO DE B"
208,1,"1900-01-01 00:00:00","2037-12-31 23:59:59",3099700,"FABRICAÇÃO DE E"
209,1,"1900-01-01 00:00:00","2037-12-31 23:59:59",3101200,"FABRICAÇÃO DE M"
210,1,"1900-01-01 00:00:00","2037-12-31 23:59:59",3102100,"FABRICAÇÃO DE M"
211,1,"1900-01-01 00:00:00","2037-12-31 23:59:59",3103900,"FABRICAÇÃO DE M"
212,1,"1900-01-01 00:00:00","2037-12-31 23:59:59",3104700,"FABRICAÇÃO DE C"
213,1,"1900-01-01 00:00:00","2037-12-31 23:59:59",3211602,"FABRICAÇÃO DE A"
214,1,"1900-01-01 00:00:00","2037-12-31 23:59:59",3212400,"FABRICAÇÃO DE B"
215,1,"1900-01-01 00:00:00","2037-12-31 23:59:59",3220500,"FABRICAÇÃO DE I"
216,1,"1900-01-01 00:00:00","2037-12-31 23:59:59",3230200,"FABRICAÇÃO DE A"
217,1,"1900-01-01 00:00:00","2037-12-31 23:59:59",3240003,"FABRICAÇÃO DE M"
218,1,"1900-01-01 00:00:00","2037-12-31 23:59:59",3240099,"FABRICAÇÃO DE O"
219,1,"1900-01-01 00:00:00","2037-12-31 23:59:59",3250701,"FABRICAÇÃO DE I"
220,1,"1900-01-01 00:00:00","2037-12-31 23:59:59",3250702,"FABRICAÇÃO DE M"
221,1,"1900-01-01 00:00:00","2037-12-31 23:59:59",3250703,"FABRICAÇÃO DE A"
222,1,"1900-01-01 00:00:00","2037-12-31 23:59:59",3250704,"FABRICAÇÃO DE A"
223,1,"1900-01-01 00:00:00","2037-12-31 23:59:59",3250705,"FABRICAÇÃO DE M"
224,1,"1900-01-01 00:00:00","2037-12-31 23:59:59",3250706,"SERVIÇOS DE PRÓ"
225,1,"1900-01-01 00:00:00","2037-12-31 23:59:59",3250707,"FABRICAÇÃO DE A"
226,1,"1900-01-01 00:00:00","2037-12-31 23:59:59",3292202,"FABRICAÇÃO DE E"
227,1,"1900-01-01 00:00:00","2037-12-31 23:59:59",3299002,"FABRICAÇÃO DE C"
228,1,"1900-01-01 00:00:00","2037-12-31 23:59:59",3299003,"FABRICAÇÃO DE L"
229,1,"1900-01-01 00:00:00","2037-12-31 23:59:59",3299004,"FABRICAÇÃO DE P"
230,1,"1900-01-01 00:00:00","2037-12-31 23:59:59",3299005,"FABRICAÇÃO DE A"
231,1,"1900-01-01 00:00:00","2037-12-31 23:59:59",3299099,"FABRICAÇÃO DE P"
232,1,"1900-01-01 00:00:00","2037-12-31 23:59:59",3312103,"MANUTENÇÃO E RE"
233,1,"1900-01-01 00:00:00","2037-12-31 23:59:59",3313901,"MANUTENÇÃO E RE"
234,1,"1900-01-01 00:00:00","2037-12-31 23:59:59",3313999,"MANUTENÇÃO E RE"
235,1,"1900-01-01 00:00:00","2037-12-31 23:59:59",3314702,"MANUTENÇÃO E RE"
236,1,"1900-01-01 00:00:00","2037-12-31 23:59:59",3314703,"MANUTENÇÃO E RE"
237,1,"1900-01-01 00:00:00","2037-12-31 23:59:59",3314704,"MANUTENÇÃO E RE"
238,1,"1900-01-01 00:00:00","2037-12-31 23:59:59",3314707,"MANUTENÇÃO E RE"
239,1,"1900-01-01 00:00:00","2037-12-31 23:59:59",3314708,"MANUTENÇÃO E RE"
240,1,"1900-01-01 00:00:00","2037-12-31 23:59:59",3314709,"MANUTENÇÃO E RE"
241,1,"1900-01-01 00:00:00","2037-12-31 23:59:59",3314710,"MANUTENÇÃO E RE"
242,1,"1900-01-01 00:00:00","2037-12-31 23:59:59",3314711,"MANUTENÇÃO E RE"
243,1,"1900-01-01 00:00:00","2037-12-31 23:59:59",3314713,"MANUTENÇÃO E RE"
244,1,"1900-01-01 00:00:00","2037-12-31 23:59:59",3314720,"MANUTENÇÃO E RE"
245,1,"1900-01-01 00:00:00","2037-12-31 23:59:59",3314799,"MANUTENÇÃO E RE"
246,1,"1900-01-01 00:00:00","2037-12-31 23:59:59",3317101,"MANUTENÇÃO E RE"
247,1,"1900-01-01 00:00:00","2037-12-31 23:59:59",3319800,"MANUTENÇÃO E RE"
248,1,"1900-01-01 00:00:00","2037-12-31 23:59:59",3321000,"INSTALAÇÃO DE M"
249,1,"1900-01-01 00:00:00","2037-12-31 23:59:59",3329501,"SERVIÇOS DE MON"
250,1,"1900-01-01 00:00:00","2037-12-31 23:59:59",3329599,"INSTALAÇÃO DE O"
251,1,"1900-01-01 00:00:00","2037-12-31 23:59:59",3512300,"TRANSMISSÃO DE "
252,1,"1900-01-01 00:00:00","2037-12-31 23:59:59",3514000,"DISTRIBUIÇÃO DE"
253,1,"1900-01-01 00:00:00","2037-12-31 23:59:59",3520401,"PRODUÇÃO DE GÁS"
254,1,"1900-01-01 00:00:00","2037-12-31 23:59:59",3520402,"DISTRIBUIÇÃO DE"
255,1,"1900-01-01 00:00:00","2037-12-31 23:59:59",3600601,"CAPTAÇÃO, TRATA"
256,1,"1900-01-01 00:00:00","2037-12-31 23:59:59",3701100,"GESTÃO DE REDES"
257,1,"1900-01-01 00:00:00","2037-12-31 23:59:59",3702900,"ATIVIDADES RELA"
258,1,"1900-01-01 00:00:00","2037-12-31 23:59:59",3811400,"COLETA DE RESÍD"
259,1,"1900-01-01 00:00:00","2037-12-31 23:59:59",3812200,"COLETA DE RESÍD"
260,1,"1900-01-01 00:00:00","2037-12-31 23:59:59",3821100,"TRATAMENTO E DI"
261,1,"1900-01-01 00:00:00","2037-12-31 23:59:59",3822000,"TRATAMENTO E DI"
262,1,"1900-01-01 00:00:00","2037-12-31 23:59:59",3831999,"RECUPERAÇÃO DE "
263,1,"1900-01-01 00:00:00","2037-12-31 23:59:59",3832700,"RECUPERAÇÃO DE "
264,1,"1900-01-01 00:00:00","2037-12-31 23:59:59",4110700,"INCORPORAÇÃO DE"
265,1,"1900-01-01 00:00:00","2037-12-31 23:59:59",4120400,"CONSTRUÇÃO DE E"
266,1,"1900-01-01 00:00:00","2037-12-31 23:59:59",4211101,"CONSTRUÇÃO DE R"
267,1,"1900-01-01 00:00:00","2037-12-31 23:59:59",4211102,"PINTURA PARA SI"
268,1,"1900-01-01 00:00:00","2037-12-31 23:59:59",4213800,"OBRAS DE URBANI"
269,1,"1900-01-01 00:00:00","2037-12-31 23:59:59",4221902,"CONSTRUÇÃO DE E"
270,1,"1900-01-01 00:00:00","2037-12-31 23:59:59",4221903,"MANUTENÇÃO DE R"
271,1,"1900-01-01 00:00:00","2037-12-31 23:59:59",4221904,"CONSTRUÇÃO DE E"
272,1,"1900-01-01 00:00:00","2037-12-31 23:59:59",4221905,"MANUTENÇÃO DE E"
273,1,"1900-01-01 00:00:00","2037-12-31 23:59:59",4222701,"CONSTRUÇÃO DE R"
274,1,"1900-01-01 00:00:00","2037-12-31 23:59:59",4223500,"CONSTRUÇÃO DE R"
275,1,"1900-01-01 00:00:00","2037-12-31 23:59:59",4292801,"MONTAGEM DE EST"
276,1,"1900-01-01 00:00:00","2037-12-31 23:59:59",4299501,"CONSTRUÇÃO DE I"
277,1,"1900-01-01 00:00:00","2037-12-31 23:59:59",4299599,"OUTRAS OBRAS DE"
278,1,"1900-01-01 00:00:00","2037-12-31 23:59:59",4312600,"PERFURAÇÕES E S"
279,1,"1900-01-01 00:00:00","2037-12-31 23:59:59",4313400,"OBRAS DE TERRAP"
280,1,"1900-01-01 00:00:00","2037-12-31 23:59:59",4321500,"INSTALAÇÃO E MA"
281,1,"1900-01-01 00:00:00","2037-12-31 23:59:59",4322301,"INSTALAÇÕES HID"
282,1,"1900-01-01 00:00:00","2037-12-31 23:59:59",4322302,"INSTALAÇÃO E MA"
283,1,"1900-01-01 00:00:00","2037-12-31 23:59:59",4322303,"INSTALAÇÕES DE "
284,1,"1900-01-01 00:00:00","2037-12-31 23:59:59",4329101,"INSTALAÇÃO DE P"
285,1,"1900-01-01 00:00:00","2037-12-31 23:59:59",4329103,"INSTALAÇÃO, MAN"
286,1,"1900-01-01 00:00:00","2037-12-31 23:59:59",4329104,"MONTAGEM E INST"
287,1,"1900-01-01 00:00:00","2037-12-31 23:59:59",4329199,"OUTRAS OBRAS DE"
288,1,"1900-01-01 00:00:00","2037-12-31 23:59:59",4330401,IMPERMEABILIZAÇ
289,1,"1900-01-01 00:00:00","2037-12-31 23:59:59",4330402,"INSTALAÇÃO DE P"
290,1,"1900-01-01 00:00:00","2037-12-31 23:59:59",4330403,"OBRAS DE ACABAM"
291,1,"1900-01-01 00:00:00","2037-12-31 23:59:59",4330404,"SERVIÇOS DE PIN"
292,1,"1900-01-01 00:00:00","2037-12-31 23:59:59",4330405,"APLICAÇÃO DE RE"
293,1,"1900-01-01 00:00:00","2037-12-31 23:59:59",4330499,"OUTRAS OBRAS DE"
294,1,"1900-01-01 00:00:00","2037-12-31 23:59:59",4391600,"OBRAS DE FUNDAÇ"
295,1,"1900-01-01 00:00:00","2037-12-31 23:59:59",4399101,"ADMINISTRAÇÃO D"
296,1,"1900-01-01 00:00:00","2037-12-31 23:59:59",4399103,"OBRAS DE ALVENA"
297,1,"1900-01-01 00:00:00","2037-12-31 23:59:59",4399105,"PERFURAÇÃO E CO"
298,1,"1900-01-01 00:00:00","2037-12-31 23:59:59",4399199,"SERVIÇOS ESPECI"
299,1,"1900-01-01 00:00:00","2037-12-31 23:59:59",4511101,"COMÉRCIO A VARE"
300,1,"1900-01-01 00:00:00","2037-12-31 23:59:59",4511102,"COMÉRCIO A VARE"
301,1,"1900-01-01 00:00:00","2037-12-31 23:59:59",4511103,"COMÉRCIO POR AT"
302,1,"1900-01-01 00:00:00","2037-12-31 23:59:59",4511104,"COMÉRCIO POR AT"
303,1,"1900-01-01 00:00:00","2037-12-31 23:59:59",4511106,"COMÉRCIO POR AT"
304,1,"1900-01-01 00:00:00","2037-12-31 23:59:59",4512901,"REPRESENTANTES "
305,1,"1900-01-01 00:00:00","2037-12-31 23:59:59",4512902,"COMÉRCIO SOB CO"
306,1,"1900-01-01 00:00:00","2037-12-31 23:59:59",4520001,"SERVIÇOS DE MAN"
307,1,"1900-01-01 00:00:00","2037-12-31 23:59:59",4520002,"SERVIÇOS DE LAN"
308,1,"1900-01-01 00:00:00","2037-12-31 23:59:59",4520003,"SERVIÇOS DE MAN"
309,1,"1900-01-01 00:00:00","2037-12-31 23:59:59",4520004,"SERVIÇOS DE ALI"
310,1,"1900-01-01 00:00:00","2037-12-31 23:59:59",4520005,"SERVIÇOS DE LAV"
311,1,"1900-01-01 00:00:00","2037-12-31 23:59:59",4520006,"SERVIÇOS DE BOR"
312,1,"1900-01-01 00:00:00","2037-12-31 23:59:59",4520007,"SERVIÇOS DE INS"
313,1,"1900-01-01 00:00:00","2037-12-31 23:59:59",4530701,"COMÉRCIO POR AT"
314,1,"1900-01-01 00:00:00","2037-12-31 23:59:59",4530702,"COMÉRCIO POR AT"
315,1,"1900-01-01 00:00:00","2037-12-31 23:59:59",4530703,"COMÉRCIO A VARE"
316,1,"1900-01-01 00:00:00","2037-12-31 23:59:59",4530704,"COMÉRCIO A VARE"
317,1,"1900-01-01 00:00:00","2037-12-31 23:59:59",4530705,"COMÉRCIO A VARE"
318,1,"1900-01-01 00:00:00","2037-12-31 23:59:59",4530706,"REPRESENTANTES "
319,1,"1900-01-01 00:00:00","2037-12-31 23:59:59",4541201,"COMÉRCIO POR AT"
320,1,"1900-01-01 00:00:00","2037-12-31 23:59:59",4541202,"COMÉRCIO POR AT"
321,1,"1900-01-01 00:00:00","2037-12-31 23:59:59",4541203,"COMÉRCIO A VARE"
322,1,"1900-01-01 00:00:00","2037-12-31 23:59:59",4541204,"COMÉRCIO A VARE"
323,1,"1900-01-01 00:00:00","2037-12-31 23:59:59",4541205,"COMÉRCIO A VARE"
324,1,"1900-01-01 00:00:00","2037-12-31 23:59:59",4542101,"REPRESENTANTES "
325,1,"1900-01-01 00:00:00","2037-12-31 23:59:59",4543900,"MANUTENÇÃO E RE"
326,1,"1900-01-01 00:00:00","2037-12-31 23:59:59",4611700,"REPRESENTANTES "
327,1,"1900-01-01 00:00:00","2037-12-31 23:59:59",4612500,"REPRESENTANTES "
328,1,"1900-01-01 00:00:00","2037-12-31 23:59:59",4613300,"REPRESENTANTES "
329,1,"1900-01-01 00:00:00","2037-12-31 23:59:59",4614100,"REPRESENTANTES "
330,1,"1900-01-01 00:00:00","2037-12-31 23:59:59",4615000,"REPRESENTANTES "
331,1,"1900-01-01 00:00:00","2037-12-31 23:59:59",4616800,"REPRESENTANTES "
332,1,"1900-01-01 00:00:00","2037-12-31 23:59:59",4617600,"REPRESENTANTES "
333,1,"1900-01-01 00:00:00","2037-12-31 23:59:59",4618401,"REPRESENTANTES "
334,1,"1900-01-01 00:00:00","2037-12-31 23:59:59",4618402,"REPRESENTANTES "
335,1,"1900-01-01 00:00:00","2037-12-31 23:59:59",4618403,"REPRESENTANTES "
336,1,"1900-01-01 00:00:00","2037-12-31 23:59:59",4618499,"OUTROS REPRESEN"
337,1,"1900-01-01 00:00:00","2037-12-31 23:59:59",4619200,"REPRESENTANTES "
338,1,"1900-01-01 00:00:00","2037-12-31 23:59:59",4623106,"COMÉRCIO ATACAD"
339,1,"1900-01-01 00:00:00","2037-12-31 23:59:59",4623109,"COMÉRCIO ATACAD"
340,1,"1900-01-01 00:00:00","2037-12-31 23:59:59",4623199,"COMÉRCIO ATACAD"
341,1,"1900-01-01 00:00:00","2037-12-31 23:59:59",4631100,"COMÉRCIO ATACAD"
342,1,"1900-01-01 00:00:00","2037-12-31 23:59:59",4632001,"COMÉRCIO ATACAD"
343,1,"1900-01-01 00:00:00","2037-12-31 23:59:59",4632002,"COMÉRCIO ATACAD"
344,1,"1900-01-01 00:00:00","2037-12-31 23:59:59",4632003,"COMÉRCIO ATACAD"
345,1,"1900-01-01 00:00:00","2037-12-31 23:59:59",4633801,"COMÉRCIO ATACAD"
346,1,"1900-01-01 00:00:00","2037-12-31 23:59:59",4633802,"COMÉRCIO ATACAD"
347,1,"1900-01-01 00:00:00","2037-12-31 23:59:59",4634601,"COMÉRCIO ATACAD"
348,1,"1900-01-01 00:00:00","2037-12-31 23:59:59",4634603,"COMÉRCIO ATACAD"
349,1,"1900-01-01 00:00:00","2037-12-31 23:59:59",4635402,"COMÉRCIO ATACAD"
350,1,"1900-01-01 00:00:00","2037-12-31 23:59:59",4635403,"COMÉRCIO ATACAD"
351,1,"1900-01-01 00:00:00","2037-12-31 23:59:59",4635499,"COMÉRCIO ATACAD"
352,1,"1900-01-01 00:00:00","2037-12-31 23:59:59",4636202,"COMÉRCIO ATACAD"
353,1,"1900-01-01 00:00:00","2037-12-31 23:59:59",4637101,"COMÉRCIO ATACAD"
354,1,"1900-01-01 00:00:00","2037-12-31 23:59:59",4637104,"COMÉRCIO ATACAD"
355,1,"1900-01-01 00:00:00","2037-12-31 23:59:59",4637105,"COMÉRCIO ATACAD"
356,1,"1900-01-01 00:00:00","2037-12-31 23:59:59",4637106,"COMÉRCIO ATACAD"
357,1,"1900-01-01 00:00:00","2037-12-31 23:59:59",4637107,"COMÉRCIO ATACAD"
358,1,"1900-01-01 00:00:00","2037-12-31 23:59:59",4637199,"COMÉRCIO ATACAD"
359,1,"1900-01-01 00:00:00","2037-12-31 23:59:59",4639701,"COMÉRCIO ATACAD"
360,1,"1900-01-01 00:00:00","2037-12-31 23:59:59",4639702,"COMÉRCIO ATACAD"
361,1,"1900-01-01 00:00:00","2037-12-31 23:59:59",4641901,"COMÉRCIO ATACAD"
362,1,"1900-01-01 00:00:00","2037-12-31 23:59:59",4641902,"COMÉRCIO ATACAD"
363,1,"1900-01-01 00:00:00","2037-12-31 23:59:59",4641903,"COMÉRCIO ATACAD"
364,1,"1900-01-01 00:00:00","2037-12-31 23:59:59",4642701,"COMÉRCIO ATACAD"
365,1,"1900-01-01 00:00:00","2037-12-31 23:59:59",4642702,"COMÉRCIO ATACAD"
366,1,"1900-01-01 00:00:00","2037-12-31 23:59:59",4643501,"COMÉRCIO ATACAD"
367,1,"1900-01-01 00:00:00","2037-12-31 23:59:59",4643502,"COMÉRCIO ATACAD"
368,1,"1900-01-01 00:00:00","2037-12-31 23:59:59",4644301,"COMÉRCIO ATACAD"
369,1,"1900-01-01 00:00:00","2037-12-31 23:59:59",4644302,"COMÉRCIO ATACAD"
370,1,"1900-01-01 00:00:00","2037-12-31 23:59:59",4645101,"COMÉRCIO ATACAD"
371,1,"1900-01-01 00:00:00","2037-12-31 23:59:59",4645102,"COMÉRCIO ATACAD"
372,1,"1900-01-01 00:00:00","2037-12-31 23:59:59",4645103,"COMÉRCIO ATACAD"
373,1,"1900-01-01 00:00:00","2037-12-31 23:59:59",4646001,"COMÉRCIO ATACAD"
374,1,"1900-01-01 00:00:00","2037-12-31 23:59:59",4646002,"COMÉRCIO ATACAD"
375,1,"1900-01-01 00:00:00","2037-12-31 23:59:59",4647801,"COMÉRCIO ATACAD"
376,1,"1900-01-01 00:00:00","2037-12-31 23:59:59",4647802,"COMÉRCIO ATACAD"
377,1,"1900-01-01 00:00:00","2037-12-31 23:59:59",4649401,"COMÉRCIO ATACAD"
378,1,"1900-01-01 00:00:00","2037-12-31 23:59:59",4649402,"COMÉRCIO ATACAD"
379,1,"1900-01-01 00:00:00","2037-12-31 23:59:59",4649403,"COMÉRCIO ATACAD"
380,1,"1900-01-01 00:00:00","2037-12-31 23:59:59",4649404,"COMÉRCIO ATACAD"
381,1,"1900-01-01 00:00:00","2037-12-31 23:59:59",4649405,"COMÉRCIO ATACAD"
382,1,"1900-01-01 00:00:00","2037-12-31 23:59:59",4649406,"COMÉRCIO ATACAD"
383,1,"1900-01-01 00:00:00","2037-12-31 23:59:59",4649408,"COMÉRCIO ATACAD"
384,1,"1900-01-01 00:00:00","2037-12-31 23:59:59",4649409,"COMÉRCIO ATACAD"
385,1,"1900-01-01 00:00:00","2037-12-31 23:59:59",4649410,"COMÉRCIO ATACAD"
386,1,"1900-01-01 00:00:00","2037-12-31 23:59:59",4649499,"COMÉRCIO ATACAD"
387,1,"1900-01-01 00:00:00","2037-12-31 23:59:59",4651601,"COMÉRCIO ATACAD"
388,1,"1900-01-01 00:00:00","2037-12-31 23:59:59",4651602,"COMÉRCIO ATACAD"
389,1,"1900-01-01 00:00:00","2037-12-31 23:59:59",4652400,"COMÉRCIO ATACAD"
390,1,"1900-01-01 00:00:00","2037-12-31 23:59:59",4661300,"COMÉRCIO ATACAD"
391,1,"1900-01-01 00:00:00","2037-12-31 23:59:59",4662100,"COMÉRCIO ATACAD"
392,1,"1900-01-01 00:00:00","2037-12-31 23:59:59",4663000,"COMÉRCIO ATACAD"
393,1,"1900-01-01 00:00:00","2037-12-31 23:59:59",4664800,"COMÉRCIO ATACAD"
394,1,"1900-01-01 00:00:00","2037-12-31 23:59:59",4665600,"COMÉRCIO ATACAD"
395,1,"1900-01-01 00:00:00","2037-12-31 23:59:59",4669901,"COMÉRCIO ATACAD"
396,1,"1900-01-01 00:00:00","2037-12-31 23:59:59",4669999,"COMÉRCIO ATACAD"
397,1,"1900-01-01 00:00:00","2037-12-31 23:59:59",4671100,"COMÉRCIO ATACAD"
398,1,"1900-01-01 00:00:00","2037-12-31 23:59:59",4672900,"COMÉRCIO ATACAD"
399,1,"1900-01-01 00:00:00","2037-12-31 23:59:59",4673700,"COMÉRCIO ATACAD"
400,1,"1900-01-01 00:00:00","2037-12-31 23:59:59",4679601,"COMÉRCIO ATACAD"
401,1,"1900-01-01 00:00:00","2037-12-31 23:59:59",4679602,"COMÉRCIO ATACAD"
402,1,"1900-01-01 00:00:00","2037-12-31 23:59:59",4679603,"COMÉRCIO ATACAD"
403,1,"1900-01-01 00:00:00","2037-12-31 23:59:59",4679604,"COMÉRCIO ATACAD"
404,1,"1900-01-01 00:00:00","2037-12-31 23:59:59",4679699,"COMÉRCIO ATACAD"
405,1,"1900-01-01 00:00:00","2037-12-31 23:59:59",4681801,"COMÉRCIO ATACAD"
406,1,"1900-01-01 00:00:00","2037-12-31 23:59:59",4681803,"COMÉRCIO ATACAD"
407,1,"1900-01-01 00:00:00","2037-12-31 23:59:59",4682600,"COMÉRCIO ATACAD"
408,1,"1900-01-01 00:00:00","2037-12-31 23:59:59",4683400,"COMÉRCIO ATACAD"
409,1,"1900-01-01 00:00:00","2037-12-31 23:59:59",4684201,"COMÉRCIO ATACAD"
410,1,"1900-01-01 00:00:00","2037-12-31 23:59:59",4685100,"COMÉRCIO ATACAD"
411,1,"1900-01-01 00:00:00","2037-12-31 23:59:59",4686901,"COMÉRCIO ATACAD"
412,1,"1900-01-01 00:00:00","2037-12-31 23:59:59",4686902,"COMÉRCIO ATACAD"
413,1,"1900-01-01 00:00:00","2037-12-31 23:59:59",4687701,"COMÉRCIO ATACAD"
414,1,"1900-01-01 00:00:00","2037-12-31 23:59:59",4689302,"COMÉRCIO ATACAD"
415,1,"1900-01-01 00:00:00","2037-12-31 23:59:59",4689399,"COMÉRCIO ATACAD"
416,1,"1900-01-01 00:00:00","2037-12-31 23:59:59",4691500,"COMÉRCIO ATACAD"
417,1,"1900-01-01 00:00:00","2037-12-31 23:59:59",4692300,"COMÉRCIO ATACAD"
418,1,"1900-01-01 00:00:00","2037-12-31 23:59:59",4693100,"COMÉRCIO ATACAD"
419,1,"1900-01-01 00:00:00","2037-12-31 23:59:59",4711301,"COMÉRCIO VAREJI"
420,1,"1900-01-01 00:00:00","2037-12-31 23:59:59",4711302,"COMÉRCIO VAREJI"
421,1,"1900-01-01 00:00:00","2037-12-31 23:59:59",4712100,"COMÉRCIO VAREJI"
422,1,"1900-01-01 00:00:00","2037-12-31 23:59:59",4713001,"LOJAS DE DEPART"
423,1,"1900-01-01 00:00:00","2037-12-31 23:59:59",4713002,"LOJAS DE VARIED"
424,1,"1900-01-01 00:00:00","2037-12-31 23:59:59",4713003,"LOJAS DUTY FREE"
425,1,"1900-01-01 00:00:00","2037-12-31 23:59:59",4721102,"PADARIA E CONFE"
426,1,"1900-01-01 00:00:00","2037-12-31 23:59:59",4721103,"COMÉRCIO VAREJI"
427,1,"1900-01-01 00:00:00","2037-12-31 23:59:59",4721104,"COMÉRCIO VAREJI"
428,1,"1900-01-01 00:00:00","2037-12-31 23:59:59",4722901,"COMÉRCIO VAREJI"
429,1,"1900-01-01 00:00:00","2037-12-31 23:59:59",4723700,"COMÉRCIO VAREJI"
430,1,"1900-01-01 00:00:00","2037-12-31 23:59:59",4724500,"COMÉRCIO VAREJI"
431,1,"1900-01-01 00:00:00","2037-12-31 23:59:59",4729601,TABACARIA
432,1,"1900-01-01 00:00:00","2037-12-31 23:59:59",4729699,"COMÉRCIO VAREJI"
433,1,"1900-01-01 00:00:00","2037-12-31 23:59:59",4731800,"COMÉRCIO VAREJI"
434,1,"1900-01-01 00:00:00","2037-12-31 23:59:59",4732600,"COMÉRCIO VAREJI"
435,1,"1900-01-01 00:00:00","2037-12-31 23:59:59",4741500,"COMÉRCIO VAREJI"
436,1,"1900-01-01 00:00:00","2037-12-31 23:59:59",4742300,"COMÉRCIO VAREJI"
437,1,"1900-01-01 00:00:00","2037-12-31 23:59:59",4743100,"COMÉRCIO VAREJI"
438,1,"1900-01-01 00:00:00","2037-12-31 23:59:59",4744001,"COMÉRCIO VAREJI"
439,1,"1900-01-01 00:00:00","2037-12-31 23:59:59",4744002,"COMÉRCIO VAREJI"
440,1,"1900-01-01 00:00:00","2037-12-31 23:59:59",4744003,"COMÉRCIO VAREJI"
441,1,"1900-01-01 00:00:00","2037-12-31 23:59:59",4744004,"COMÉRCIO VAREJI"
442,1,"1900-01-01 00:00:00","2037-12-31 23:59:59",4744005,"COMÉRCIO VAREJI"
443,1,"1900-01-01 00:00:00","2037-12-31 23:59:59",4744099,"COMÉRCIO VAREJI"
444,1,"1900-01-01 00:00:00","2037-12-31 23:59:59",4752100,"COMÉRCIO VAREJI"
445,1,"1900-01-01 00:00:00","2037-12-31 23:59:59",4753900,"COMÉRCIO VAREJI"
446,1,"1900-01-01 00:00:00","2037-12-31 23:59:59",4754701,"COMÉRCIO VAREJI"
447,1,"1900-01-01 00:00:00","2037-12-31 23:59:59",4754702,"COMÉRCIO VAREJI"
448,1,"1900-01-01 00:00:00","2037-12-31 23:59:59",4754703,"COMÉRCIO VAREJI"
449,1,"1900-01-01 00:00:00","2037-12-31 23:59:59",4755501,"COMÉRCIO VAREJI"
450,1,"1900-01-01 00:00:00","2037-12-31 23:59:59",4755502,"COMERCIO VAREJI"
451,1,"1900-01-01 00:00:00","2037-12-31 23:59:59",4755503,"COMERCIO VAREJI"
452,1,"1900-01-01 00:00:00","2037-12-31 23:59:59",4756300,"COMÉRCIO VAREJI"
453,1,"1900-01-01 00:00:00","2037-12-31 23:59:59",4757100,"COMÉRCIO VAREJI"
454,1,"1900-01-01 00:00:00","2037-12-31 23:59:59",4759801,"COMÉRCIO VAREJI"
455,1,"1900-01-01 00:00:00","2037-12-31 23:59:59",4759899,"COMÉRCIO VAREJI"
456,1,"1900-01-01 00:00:00","2037-12-31 23:59:59",4761001,"COMÉRCIO VAREJI"
457,1,"1900-01-01 00:00:00","2037-12-31 23:59:59",4761002,"COMÉRCIO VAREJI"
458,1,"1900-01-01 00:00:00","2037-12-31 23:59:59",4761003,"COMÉRCIO VAREJI"
459,1,"1900-01-01 00:00:00","2037-12-31 23:59:59",4762800,"COMÉRCIO VAREJI"
460,1,"1900-01-01 00:00:00","2037-12-31 23:59:59",4763601,"COMÉRCIO VAREJI"
461,1,"1900-01-01 00:00:00","2037-12-31 23:59:59",4763602,"COMÉRCIO VAREJI"
462,1,"1900-01-01 00:00:00","2037-12-31 23:59:59",4763603,"COMÉRCIO VAREJI"
463,1,"1900-01-01 00:00:00","2037-12-31 23:59:59",4763604,"COMÉRCIO VAREJI"
464,1,"1900-01-01 00:00:00","2037-12-31 23:59:59",4763605,"COMÉRCIO VAREJI"
465,1,"1900-01-01 00:00:00","2037-12-31 23:59:59",4771701,"COMÉRCIO VAREJI"
466,1,"1900-01-01 00:00:00","2037-12-31 23:59:59",4771702,"COMÉRCIO VAREJI"
467,1,"1900-01-01 00:00:00","2037-12-31 23:59:59",4771703,"COMÉRCIO VAREJI"
468,1,"1900-01-01 00:00:00","2037-12-31 23:59:59",4771704,"COMÉRCIO VAREJI"
469,1,"1900-01-01 00:00:00","2037-12-31 23:59:59",4772500,"COMÉRCIO VAREJI"
470,1,"1900-01-01 00:00:00","2037-12-31 23:59:59",4773300,"COMÉRCIO VAREJI"
471,1,"1900-01-01 00:00:00","2037-12-31 23:59:59",4774100,"COMÉRCIO VAREJI"
472,1,"1900-01-01 00:00:00","2037-12-31 23:59:59",4781400,"COMÉRCIO VAREJI"
473,1,"1900-01-01 00:00:00","2037-12-31 23:59:59",4782201,"COMÉRCIO VAREJI"
474,1,"1900-01-01 00:00:00","2037-12-31 23:59:59",4782202,"COMÉRCIO VAREJI"
475,1,"1900-01-01 00:00:00","2037-12-31 23:59:59",4783101,"COMÉRCIO VAREJI"
476,1,"1900-01-01 00:00:00","2037-12-31 23:59:59",4783102,"COMÉRCIO VAREJI"
477,1,"1900-01-01 00:00:00","2037-12-31 23:59:59",4784900,"COMÉRCIO VAREJI"
478,1,"1900-01-01 00:00:00","2037-12-31 23:59:59",4785701,"COMÉRCIO VAREJI"
479,1,"1900-01-01 00:00:00","2037-12-31 23:59:59",4785799,"COMÉRCIO VAREJI"
480,1,"1900-01-01 00:00:00","2037-12-31 23:59:59",4789001,"COMÉRCIO VAREJI"
481,1,"1900-01-01 00:00:00","2037-12-31 23:59:59",4789002,"COMÉRCIO VAREJI"
482,1,"1900-01-01 00:00:00","2037-12-31 23:59:59",4789003,"COMÉRCIO VAREJI"
483,1,"1900-01-01 00:00:00","2037-12-31 23:59:59",4789004,"COMÉRCIO VAREJI"
484,1,"1900-01-01 00:00:00","2037-12-31 23:59:59",4789005,"COMÉRCIO VAREJI"
485,1,"1900-01-01 00:00:00","2037-12-31 23:59:59",4789006,"COMÉRCIO VAREJI"
486,1,"1900-01-01 00:00:00","2037-12-31 23:59:59",4789007,"COMÉRCIO VAREJI"
487,1,"1900-01-01 00:00:00","2037-12-31 23:59:59",4789008,"COMÉRCIO VAREJI"
488,1,"1900-01-01 00:00:00","2037-12-31 23:59:59",4789009,"COMÉRCIO VAREJI"
489,1,"1900-01-01 00:00:00","2037-12-31 23:59:59",4789099,"COMÉRCIO VAREJI"
490,1,"1900-01-01 00:00:00","2037-12-31 23:59:59",4911600,"TRANSPORTE FERR"
491,1,"1900-01-01 00:00:00","2037-12-31 23:59:59",4912402,"TRANSPORTE FERR"
492,1,"1900-01-01 00:00:00","2037-12-31 23:59:59",4912403,"TRANSPORTE METR"
493,1,"1900-01-01 00:00:00","2037-12-31 23:59:59",4921301,"TRANSPORTE RODO"
494,1,"1900-01-01 00:00:00","2037-12-31 23:59:59",4921302,"TRANSPORTE RODO"
495,1,"1900-01-01 00:00:00","2037-12-31 23:59:59",4922101,"TRANSPORTE RODO"
496,1,"1900-01-01 00:00:00","2037-12-31 23:59:59",4922102,"TRANSPORTE RODO"
497,1,"1900-01-01 00:00:00","2037-12-31 23:59:59",4922103,"TRANSPORTE RODO"
498,1,"1900-01-01 00:00:00","2037-12-31 23:59:59",4923001,"SERVIÇO DE TÁXI"
499,1,"1900-01-01 00:00:00","2037-12-31 23:59:59",4923002,"SERVIÇO DE TRAN"
500,1,"1900-01-01 00:00:00","2037-12-31 23:59:59",4924800,"TRANSPORTE ESCO"
501,1,"1900-01-01 00:00:00","2037-12-31 23:59:59",4929901,"TRANSPORTE RODO"
502,1,"1900-01-01 00:00:00","2037-12-31 23:59:59",4929902,"TRANSPORTE RODO"
503,1,"1900-01-01 00:00:00","2037-12-31 23:59:59",4929904,"ORGANIZAÇÃO DE "
504,1,"1900-01-01 00:00:00","2037-12-31 23:59:59",4929999,"OUTROS TRANSPOR"
505,1,"1900-01-01 00:00:00","2037-12-31 23:59:59",4930201,"TRANSPORTE RODO"
506,1,"1900-01-01 00:00:00","2037-12-31 23:59:59",4930202,"TRANSPORTE RODO"
507,1,"1900-01-01 00:00:00","2037-12-31 23:59:59",4930203,"TRANSPORTE RODO"
508,1,"1900-01-01 00:00:00","2037-12-31 23:59:59",4930204,"TRANSPORTE RODO"
509,1,"1900-01-01 00:00:00","2037-12-31 23:59:59",5021101,"TRANSPORTE POR "
510,1,"1900-01-01 00:00:00","2037-12-31 23:59:59",5021102,"TRANSPORTE POR "
511,1,"1900-01-01 00:00:00","2037-12-31 23:59:59",5022001,"TRANSPORTE POR "
512,1,"1900-01-01 00:00:00","2037-12-31 23:59:59",5022002,"TRANSPORTE POR "
513,1,"1900-01-01 00:00:00","2037-12-31 23:59:59",5030102,"NAVEGAÇÃO DE AP"
514,1,"1900-01-01 00:00:00","2037-12-31 23:59:59",5091202,"TRANSPORTE POR "
515,1,"1900-01-01 00:00:00","2037-12-31 23:59:59",5099801,"TRANSPORTE AQUA"
516,1,"1900-01-01 00:00:00","2037-12-31 23:59:59",5111100,"TRANSPORTE AÉRE"
517,1,"1900-01-01 00:00:00","2037-12-31 23:59:59",5120000,"TRANSPORTE AÉRE"
518,1,"1900-01-01 00:00:00","2037-12-31 23:59:59",5211701,"ARMAZÉNS GERAIS"
519,1,"1900-01-01 00:00:00","2037-12-31 23:59:59",5211702,GUARDA-MÓVEIS
520,1,"1900-01-01 00:00:00","2037-12-31 23:59:59",5211799,"DEPÓSITOS DE ME"
521,1,"1900-01-01 00:00:00","2037-12-31 23:59:59",5212500,"CARGA E DESCARG"
522,1,"1900-01-01 00:00:00","2037-12-31 23:59:59",5221400,CONCESSIONÁRIAS
523,1,"1900-01-01 00:00:00","2037-12-31 23:59:59",5222200,"TERMINAIS RODOV"
524,1,"1900-01-01 00:00:00","2037-12-31 23:59:59",5223100,"ESTACIONAMENTO "
525,1,"1900-01-01 00:00:00","2037-12-31 23:59:59",5229002,"SERVIÇOS DE REB"
526,1,"1900-01-01 00:00:00","2037-12-31 23:59:59",5229099,"OUTRAS ATIVIDAD"
527,1,"1900-01-01 00:00:00","2037-12-31 23:59:59",5232000,"ATIVIDADES DE A"
528,1,"1900-01-01 00:00:00","2037-12-31 23:59:59",5240199,"ATIVIDADES AUXI"
529,1,"1900-01-01 00:00:00","2037-12-31 23:59:59",5250801,"COMISSARIA DE D"
530,1,"1900-01-01 00:00:00","2037-12-31 23:59:59",5250802,"ATIVIDADES DE D"
531,1,"1900-01-01 00:00:00","2037-12-31 23:59:59",5250803,"AGENCIAMENTO DE"
532,1,"1900-01-01 00:00:00","2037-12-31 23:59:59",5250804,"ORGANIZAÇÃO LOG"
533,1,"1900-01-01 00:00:00","2037-12-31 23:59:59",5310501,"ATIVIDADES DO C"
534,1,"1900-01-01 00:00:00","2037-12-31 23:59:59",5310502,"ATIVIDADES DE F"
535,1,"1900-01-01 00:00:00","2037-12-31 23:59:59",5320201,"SERVIÇOS DE MAL"
536,1,"1900-01-01 00:00:00","2037-12-31 23:59:59",5320202,"SERVIÇOS DE ENT"
537,1,"1900-01-01 00:00:00","2037-12-31 23:59:59",5510801,HOTÉIS
538,1,"1900-01-01 00:00:00","2037-12-31 23:59:59",5510802,APART-HOTÉIS
539,1,"1900-01-01 00:00:00","2037-12-31 23:59:59",5510803,MOTÉIS
540,1,"1900-01-01 00:00:00","2037-12-31 23:59:59",5590601,"ALBERGUES, EXCE"
541,1,"1900-01-01 00:00:00","2037-12-31 23:59:59",5590602,CAMPINGS
542,1,"1900-01-01 00:00:00","2037-12-31 23:59:59",5590603,"PENSÕES (ALOJAM"
543,1,"1900-01-01 00:00:00","2037-12-31 23:59:59",5590699,"OUTROS ALOJAMEN"
544,1,"1900-01-01 00:00:00","2037-12-31 23:59:59",5611201,"RESTAURANTES E "
545,1,"1900-01-01 00:00:00","2037-12-31 23:59:59",5611202,"BARES E OUTROS "
546,1,"1900-01-01 00:00:00","2037-12-31 23:59:59",5611203,"LANCHONETES, CA"
547,1,"1900-01-01 00:00:00","2037-12-31 23:59:59",5612100,"SERVIÇOS AMBULA"
548,1,"1900-01-01 00:00:00","2037-12-31 23:59:59",5620101,"FORNECIMENTO DE"
549,1,"1900-01-01 00:00:00","2037-12-31 23:59:59",5620102,"SERVIÇOS DE ALI"
550,1,"1900-01-01 00:00:00","2037-12-31 23:59:59",5620103,"CANTINAS - SERV"
551,1,"1900-01-01 00:00:00","2037-12-31 23:59:59",5620104,"FORNECIMENTO DE"
552,1,"1900-01-01 00:00:00","2037-12-31 23:59:59",5811500,"EDIÇÃO DE LIVRO"
553,1,"1900-01-01 00:00:00","2037-12-31 23:59:59",5812300,"EDIÇÃO DE JORNA"
554,1,"1900-01-01 00:00:00","2037-12-31 23:59:59",5813100,"EDIÇÃO DE REVIS"
555,1,"1900-01-01 00:00:00","2037-12-31 23:59:59",5819100,"EDIÇÃO DE CADAS"
556,1,"1900-01-01 00:00:00","2037-12-31 23:59:59",5821200,"EDIÇÃO INTEGRAD"
557,1,"1900-01-01 00:00:00","2037-12-31 23:59:59",5822100,"EDIÇÃO INTEGRAD"
558,1,"1900-01-01 00:00:00","2037-12-31 23:59:59",5823900,"EDIÇÃO INTEGRAD"
559,1,"1900-01-01 00:00:00","2037-12-31 23:59:59",5829800,"EDIÇÃO INTEGRAD"
560,1,"1900-01-01 00:00:00","2037-12-31 23:59:59",5911101,"ESTÚDIOS CINEMA"
561,1,"1900-01-01 00:00:00","2037-12-31 23:59:59",5911102,"PRODUÇÃO DE FIL"
562,1,"1900-01-01 00:00:00","2037-12-31 23:59:59",5911199,"ATIVIDADES DE P"
563,1,"1900-01-01 00:00:00","2037-12-31 23:59:59",5912099,"ATIVIDADES DE P"
564,1,"1900-01-01 00:00:00","2037-12-31 23:59:59",5913800,"DISTRIBUIÇÃO CI"
565,1,"1900-01-01 00:00:00","2037-12-31 23:59:59",5914600,"ATIVIDADES DE E"
566,1,"1900-01-01 00:00:00","2037-12-31 23:59:59",5920100,"ATIVIDADES DE G"
567,1,"1900-01-01 00:00:00","2037-12-31 23:59:59",6010100,"ATIVIDADES DE R"
568,1,"1900-01-01 00:00:00","2037-12-31 23:59:59",6021700,"ATIVIDADES DE T"
569,1,"1900-01-01 00:00:00","2037-12-31 23:59:59",6022501,PROGRAMADORAS
570,1,"1900-01-01 00:00:00","2037-12-31 23:59:59",6022502,"ATIVIDADES RELA"
571,1,"1900-01-01 00:00:00","2037-12-31 23:59:59",6110801,"SERVIÇOS DE TEL"
572,1,"1900-01-01 00:00:00","2037-12-31 23:59:59",6110802,"SERVIÇOS DE RED"
573,1,"1900-01-01 00:00:00","2037-12-31 23:59:59",6110803,"SERVIÇOS DE COM"
574,1,"1900-01-01 00:00:00","2037-12-31 23:59:59",6110899,"SERVIÇOS DE TEL"
575,1,"1900-01-01 00:00:00","2037-12-31 23:59:59",6120501,"TELEFONIA MÓVEL"
576,1,"1900-01-01 00:00:00","2037-12-31 23:59:59",6120502,"SERVIÇO MÓVEL E"
577,1,"1900-01-01 00:00:00","2037-12-31 23:59:59",6120599,"SERVIÇOS DE TEL"
578,1,"1900-01-01 00:00:00","2037-12-31 23:59:59",6130200,TELECOMUNICAÇÕE
579,1,"1900-01-01 00:00:00","2037-12-31 23:59:59",6141800,"OPERADORAS DE T"
580,1,"1900-01-01 00:00:00","2037-12-31 23:59:59",6143400,"OPERADORAS DE T"
581,1,"1900-01-01 00:00:00","2037-12-31 23:59:59",6190601,"PROVEDORES DE A"
582,1,"1900-01-01 00:00:00","2037-12-31 23:59:59",6190602,"PROVEDORES DE V"
583,1,"1900-01-01 00:00:00","2037-12-31 23:59:59",6190699,"OUTRAS ATIVIDAD"
584,1,"1900-01-01 00:00:00","2037-12-31 23:59:59",6201500,DESENVOLVIMENTO
585,1,"1900-01-01 00:00:00","2037-12-31 23:59:59",6202300,DESENVOLVIMENTO
586,1,"1900-01-01 00:00:00","2037-12-31 23:59:59",6203100,DESENVOLVIMENTO
587,1,"1900-01-01 00:00:00","2037-12-31 23:59:59",6204000,"CONSULTORIA EM "
588,1,"1900-01-01 00:00:00","2037-12-31 23:59:59",6209100,"SUPORTE TÉCNICO"
589,1,"1900-01-01 00:00:00","2037-12-31 23:59:59",6311900,"TRATAMENTO DE D"
590,1,"1900-01-01 00:00:00","2037-12-31 23:59:59",6319400,"PORTAIS, PROVED"
591,1,"1900-01-01 00:00:00","2037-12-31 23:59:59",6391700,"AGÊNCIAS DE NOT"
592,1,"1900-01-01 00:00:00","2037-12-31 23:59:59",6399200,"OUTRAS ATIVIDAD"
593,1,"1900-01-01 00:00:00","2037-12-31 23:59:59",6410700,"BANCO CENTRAL"
594,1,"1900-01-01 00:00:00","2037-12-31 23:59:59",6421200,"BANCOS COMERCIA"
595,1,"1900-01-01 00:00:00","2037-12-31 23:59:59",6422100,"BANCOS MÚLTIPLO"
596,1,"1900-01-01 00:00:00","2037-12-31 23:59:59",6423900,"CAIXAS ECONÔMIC"
597,1,"1900-01-01 00:00:00","2037-12-31 23:59:59",6424701,"BANCOS COOPERAT"
598,1,"1900-01-01 00:00:00","2037-12-31 23:59:59",6424702,"COOPERATIVAS CE"
599,1,"1900-01-01 00:00:00","2037-12-31 23:59:59",6424703,"COOPERATIVAS DE"
600,1,"1900-01-01 00:00:00","2037-12-31 23:59:59",6424704,"COOPERATIVAS DE"
601,1,"1900-01-01 00:00:00","2037-12-31 23:59:59",6431000,"BANCOS MÚLTIPLO"
602,1,"1900-01-01 00:00:00","2037-12-31 23:59:59",6432800,"BANCOS DE INVES"
603,1,"1900-01-01 00:00:00","2037-12-31 23:59:59",6433600,"BANCOS DE DESEN"
604,1,"1900-01-01 00:00:00","2037-12-31 23:59:59",6434400,"AGÊNCIAS DE FOM"
605,1,"1900-01-01 00:00:00","2037-12-31 23:59:59",6435202,"ASSOCIAÇÕES DE "
606,1,"1900-01-01 00:00:00","2037-12-31 23:59:59",6435203,"COMPANHIAS HIPO"
607,1,"1900-01-01 00:00:00","2037-12-31 23:59:59",6436100,"SOCIEDADES DE C"
608,1,"1900-01-01 00:00:00","2037-12-31 23:59:59",6437900,"SOCIEDADES DE C"
609,1,"1900-01-01 00:00:00","2037-12-31 23:59:59",6438701,"BANCOS DE CÂMBI"
610,1,"1900-01-01 00:00:00","2037-12-31 23:59:59",6438799,"OUTRAS INSTITUI"
611,1,"1900-01-01 00:00:00","2037-12-31 23:59:59",6440900,"ARRENDAMENTO ME"
612,1,"1900-01-01 00:00:00","2037-12-31 23:59:59",6450600,"SOCIEDADES DE C"
613,1,"1900-01-01 00:00:00","2037-12-31 23:59:59",6461100,"HOLDINGS DE INS"
614,1,"1900-01-01 00:00:00","2037-12-31 23:59:59",6462000,"HOLDINGS DE INS"
615,1,"1900-01-01 00:00:00","2037-12-31 23:59:59",6463800,"OUTRAS SOCIEDAD"
616,1,"1900-01-01 00:00:00","2037-12-31 23:59:59",6470101,"FUNDOS DE INVES"
617,1,"1900-01-01 00:00:00","2037-12-31 23:59:59",6470102,"FUNDOS DE INVES"
618,1,"1900-01-01 00:00:00","2037-12-31 23:59:59",6470103,"FUNDOS DE INVES"
619,1,"1900-01-01 00:00:00","2037-12-31 23:59:59",6491300,"SOCIEDADES DE F"
620,1,"1900-01-01 00:00:00","2037-12-31 23:59:59",6492100,"SECURITIZAÇÃO D"
621,1,"1900-01-01 00:00:00","2037-12-31 23:59:59",6493000,"ADMINISTRAÇÃO D"
622,1,"1900-01-01 00:00:00","2037-12-31 23:59:59",6499905,"CONCESSÃO DE CR"
623,1,"1900-01-01 00:00:00","2037-12-31 23:59:59",6499999,"OUTRAS ATIVIDAD"
624,1,"1900-01-01 00:00:00","2037-12-31 23:59:59",6511101,"SEGUROS DE VIDA"
625,1,"1900-01-01 00:00:00","2037-12-31 23:59:59",6511102,"PLANOS DE AUXÍL"
626,1,"1900-01-01 00:00:00","2037-12-31 23:59:59",6512000,"SEGUROS NÃO-VID"
627,1,"1900-01-01 00:00:00","2037-12-31 23:59:59",6520100,SEGUROS-SAÚDE
628,1,"1900-01-01 00:00:00","2037-12-31 23:59:59",6530800,RESSEGUROS
629,1,"1900-01-01 00:00:00","2037-12-31 23:59:59",6541300,"PREVIDÊNCIA COM"
630,1,"1900-01-01 00:00:00","2037-12-31 23:59:59",6542100,"PREVIDÊNCIA COM"
631,1,"1900-01-01 00:00:00","2037-12-31 23:59:59",6550200,"PLANOS DE SAÚDE"
632,1,"1900-01-01 00:00:00","2037-12-31 23:59:59",6611803,"BOLSA DE MERCAD"
633,1,"1900-01-01 00:00:00","2037-12-31 23:59:59",6612601,"CORRETORAS DE T"
634,1,"1900-01-01 00:00:00","2037-12-31 23:59:59",6612602,"DISTRIBUIDORAS "
635,1,"1900-01-01 00:00:00","2037-12-31 23:59:59",6612603,"CORRETORAS DE C"
636,1,"1900-01-01 00:00:00","2037-12-31 23:59:59",6612605,"AGENTES DE INVE"
637,1,"1900-01-01 00:00:00","2037-12-31 23:59:59",6613400,"ADMINISTRAÇÃO D"
638,1,"1900-01-01 00:00:00","2037-12-31 23:59:59",6619302,CORRESPONDENTES
639,1,"1900-01-01 00:00:00","2037-12-31 23:59:59",6619303,"REPRESENTAÇÕES "
640,1,"1900-01-01 00:00:00","2037-12-31 23:59:59",6619304,"CAIXAS ELETRÔNI"
641,1,"1900-01-01 00:00:00","2037-12-31 23:59:59",6619399,"OUTRAS ATIVIDAD"
642,1,"1900-01-01 00:00:00","2037-12-31 23:59:59",6621501,"PERITOS E AVALI"
643,1,"1900-01-01 00:00:00","2037-12-31 23:59:59",6621502,"AUDITORIA E CON"
644,1,"1900-01-01 00:00:00","2037-12-31 23:59:59",6622300,"CORRETORES E AG"
645,1,"1900-01-01 00:00:00","2037-12-31 23:59:59",6629100,"ATIVIDADES AUXI"
646,1,"1900-01-01 00:00:00","2037-12-31 23:59:59",6630400,"ATIVIDADES DE A"
647,1,"1900-01-01 00:00:00","2037-12-31 23:59:59",6810201,"COMPRA E VENDA "
648,1,"1900-01-01 00:00:00","2037-12-31 23:59:59",6810202,"ALUGUEL DE IMÓV"
649,1,"1900-01-01 00:00:00","2037-12-31 23:59:59",6821801,"CORRETAGEM NA C"
650,1,"1900-01-01 00:00:00","2037-12-31 23:59:59",6821802,"CORRETAGEM NO A"
651,1,"1900-01-01 00:00:00","2037-12-31 23:59:59",6822600,"GESTÃO E ADMINI"
652,1,"1900-01-01 00:00:00","2037-12-31 23:59:59",6911701,"SERVIÇOS ADVOCA"
653,1,"1900-01-01 00:00:00","2037-12-31 23:59:59",6911702,"ATIVIDADES AUXI"
654,1,"1900-01-01 00:00:00","2037-12-31 23:59:59",6911703,"AGENTE DE PROPR"
655,1,"1900-01-01 00:00:00","2037-12-31 23:59:59",6912500,CARTÓRIOS
656,1,"1900-01-01 00:00:00","2037-12-31 23:59:59",6920601,"ATIVIDADES DE C"
657,1,"1900-01-01 00:00:00","2037-12-31 23:59:59",6920602,"ATIVIDADES DE C"
658,1,"1900-01-01 00:00:00","2037-12-31 23:59:59",7020400,"ATIVIDADES DE C"
659,1,"1900-01-01 00:00:00","2037-12-31 23:59:59",7111100,"SERVIÇOS DE ARQ"
660,1,"1900-01-01 00:00:00","2037-12-31 23:59:59",7112000,"SERVIÇOS DE ENG"
661,1,"1900-01-01 00:00:00","2037-12-31 23:59:59",7119701,"SERVIÇOS DE CAR"
662,1,"1900-01-01 00:00:00","2037-12-31 23:59:59",7119703,"SERVIÇOS DE DES"
663,1,"1900-01-01 00:00:00","2037-12-31 23:59:59",7119799,"ATIVIDADES TÉCN"
664,1,"1900-01-01 00:00:00","2037-12-31 23:59:59",7120100,"TESTES E ANÁLIS"
665,1,"1900-01-01 00:00:00","2037-12-31 23:59:59",7210000,"PESQUISA E DESE"
666,1,"1900-01-01 00:00:00","2037-12-31 23:59:59",7220700,"PESQUISA E DESE"
667,1,"1900-01-01 00:00:00","2037-12-31 23:59:59",7311400,"AGÊNCIAS DE PUB"
668,1,"1900-01-01 00:00:00","2037-12-31 23:59:59",7312200,"AGENCIAMENTO DE"
669,1,"1900-01-01 00:00:00","2037-12-31 23:59:59",7319002,"PROMOÇÃO DE VEN"
670,1,"1900-01-01 00:00:00","2037-12-31 23:59:59",7319003,"MARKETING DIRET"
671,1,"1900-01-01 00:00:00","2037-12-31 23:59:59",7319004,"CONSULTORIA EM "
672,1,"1900-01-01 00:00:00","2037-12-31 23:59:59",7319099,"OUTRAS ATIVIDAD"
673,1,"1900-01-01 00:00:00","2037-12-31 23:59:59",7320300,"PESQUISAS DE ME"
674,1,"1900-01-01 00:00:00","2037-12-31 23:59:59",7410201,DESIGN
675,1,"1900-01-01 00:00:00","2037-12-31 23:59:59",7410202,"DECORAÇÃO DE IN"
676,1,"1900-01-01 00:00:00","2037-12-31 23:59:59",7420001,"ATIVIDADES DE P"
677,1,"1900-01-01 00:00:00","2037-12-31 23:59:59",7420002,"ATIVIDADES DE P"
678,1,"1900-01-01 00:00:00","2037-12-31 23:59:59",7420003,"LABORATÓRIOS FO"
679,1,"1900-01-01 00:00:00","2037-12-31 23:59:59",7420004,"FILMAGEM DE FES"
680,1,"1900-01-01 00:00:00","2037-12-31 23:59:59",7490101,"SERVIÇOS DE TRA"
681,1,"1900-01-01 00:00:00","2037-12-31 23:59:59",7490102,"ESCAFANDRIA E M"
682,1,"1900-01-01 00:00:00","2037-12-31 23:59:59",7490103,"SERVIÇOS DE AGR"
683,1,"1900-01-01 00:00:00","2037-12-31 23:59:59",7490104,"ATIVIDADES DE I"
684,1,"1900-01-01 00:00:00","2037-12-31 23:59:59",7490105,"AGENCIAMENTO DE"
685,1,"1900-01-01 00:00:00","2037-12-31 23:59:59",7490199,"OUTRAS ATIVIDAD"
686,1,"1900-01-01 00:00:00","2037-12-31 23:59:59",7500100,"ATIVIDADES VETE"
687,1,"1900-01-01 00:00:00","2037-12-31 23:59:59",7711000,"LOCAÇÃO DE AUTO"
688,1,"1900-01-01 00:00:00","2037-12-31 23:59:59",7719599,"LOCAÇÃO DE OUTR"
689,1,"1900-01-01 00:00:00","2037-12-31 23:59:59",7721700,"ALUGUEL DE EQUI"
690,1,"1900-01-01 00:00:00","2037-12-31 23:59:59",7722500,"ALUGUEL DE FITA"
691,1,"1900-01-01 00:00:00","2037-12-31 23:59:59",7723300,"ALUGUEL DE OBJE"
692,1,"1900-01-01 00:00:00","2037-12-31 23:59:59",7729201,"ALUGUEL DE APAR"
693,1,"1900-01-01 00:00:00","2037-12-31 23:59:59",7729202,"ALUGUEL DE MÓVE"
694,1,"1900-01-01 00:00:00","2037-12-31 23:59:59",7729299,"ALUGUEL DE OUTR"
695,1,"1900-01-01 00:00:00","2037-12-31 23:59:59",7732201,"ALUGUEL DE MÁQU"
696,1,"1900-01-01 00:00:00","2037-12-31 23:59:59",7732202,"ALUGUEL DE ANDA"
697,1,"1900-01-01 00:00:00","2037-12-31 23:59:59",7733100,"ALUGUEL DE MÁQU"
698,1,"1900-01-01 00:00:00","2037-12-31 23:59:59",7739002,"ALUGUEL DE EQUI"
699,1,"1900-01-01 00:00:00","2037-12-31 23:59:59",7739003,"ALUGUEL DE PALC"
700,1,"1900-01-01 00:00:00","2037-12-31 23:59:59",7739099,"ALUGUEL DE OUTR"
701,1,"1900-01-01 00:00:00","2037-12-31 23:59:59",7740300,"GESTÃO DE ATIVO"
702,1,"1900-01-01 00:00:00","2037-12-31 23:59:59",7810800,"SELEÇÃO E AGENC"
703,1,"1900-01-01 00:00:00","2037-12-31 23:59:59",7820500,"LOCAÇÃO DE MÃO-"
704,1,"1900-01-01 00:00:00","2037-12-31 23:59:59",7830200,"FORNECIMENTO E "
705,1,"1900-01-01 00:00:00","2037-12-31 23:59:59",7911200,"AGÊNCIAS DE VIA"
706,1,"1900-01-01 00:00:00","2037-12-31 23:59:59",7912100,"OPERADORES TURÍ"
707,1,"1900-01-01 00:00:00","2037-12-31 23:59:59",7990200,"SERVIÇOS DE RES"
708,1,"1900-01-01 00:00:00","2037-12-31 23:59:59",8011101,"ATIVIDADES DE V"
709,1,"1900-01-01 00:00:00","2037-12-31 23:59:59",8012900,"ATIVIDADES DE T"
710,1,"1900-01-01 00:00:00","2037-12-31 23:59:59",8020000,"ATIVIDADES DE M"
711,1,"1900-01-01 00:00:00","2037-12-31 23:59:59",8111700,"SERVIÇOS COMBIN"
712,1,"1900-01-01 00:00:00","2037-12-31 23:59:59",8112500,"CONDOMÍNIOS PRE"
713,1,"1900-01-01 00:00:00","2037-12-31 23:59:59",8121400,"LIMPEZA EM PRÉD"
714,1,"1900-01-01 00:00:00","2037-12-31 23:59:59",8122200,"IMUNIZAÇÃO E CO"
715,1,"1900-01-01 00:00:00","2037-12-31 23:59:59",8129000,"ATIVIDADES DE L"
716,1,"1900-01-01 00:00:00","2037-12-31 23:59:59",8130300,"ATIVIDADES PAIS"
717,1,"1900-01-01 00:00:00","2037-12-31 23:59:59",8211300,"SERVIÇOS COMBIN"
718,1,"1900-01-01 00:00:00","2037-12-31 23:59:59",8219901,FOTOCÓPIAS
719,1,"1900-01-01 00:00:00","2037-12-31 23:59:59",8219999,"PREPARAÇÃO DE D"
720,1,"1900-01-01 00:00:00","2037-12-31 23:59:59",8220200,"ATIVIDADES DE T"
721,1,"1900-01-01 00:00:00","2037-12-31 23:59:59",8230001,"SERVIÇOS DE ORG"
722,1,"1900-01-01 00:00:00","2037-12-31 23:59:59",8230002,"CASAS DE FESTAS"
723,1,"1900-01-01 00:00:00","2037-12-31 23:59:59",8291100,"ATIVIDADES DE C"
724,1,"1900-01-01 00:00:00","2037-12-31 23:59:59",8292000,"ENVASAMENTO E E"
725,1,"1900-01-01 00:00:00","2037-12-31 23:59:59",8299701,"MEDIÇÃO DE CONS"
726,1,"1900-01-01 00:00:00","2037-12-31 23:59:59",8299702,"EMISSÃO DE VALE"
727,1,"1900-01-01 00:00:00","2037-12-31 23:59:59",8299704,"LEILOEIROS INDE"
728,1,"1900-01-01 00:00:00","2037-12-31 23:59:59",8299706,"CASAS LOTÉRICAS"
729,1,"1900-01-01 00:00:00","2037-12-31 23:59:59",8299707,"SALAS DE ACESSO"
730,1,"1900-01-01 00:00:00","2037-12-31 23:59:59",8299799,"OUTRAS ATIVIDAD"
731,1,"1900-01-01 00:00:00","2037-12-31 23:59:59",8411600,"ADMINISTRAÇÃO P"
732,1,"1900-01-01 00:00:00","2037-12-31 23:59:59",8412400,"REGULAÇÃO DAS A"
733,1,"1900-01-01 00:00:00","2037-12-31 23:59:59",8413200,"REGULAÇÃO DAS A"
734,1,"1900-01-01 00:00:00","2037-12-31 23:59:59",8423000,JUSTIÇA
735,1,"1900-01-01 00:00:00","2037-12-31 23:59:59",8424800,"SEGURANÇA E ORD"
736,1,"1900-01-01 00:00:00","2037-12-31 23:59:59",8430200,"SEGURIDADE SOCI"
737,1,"1900-01-01 00:00:00","2037-12-31 23:59:59",8511200,"EDUCAÇÃO INFANT"
738,1,"1900-01-01 00:00:00","2037-12-31 23:59:59",8512100,"EDUCAÇÃO INFANT"
739,1,"1900-01-01 00:00:00","2037-12-31 23:59:59",8513900,"ENSINO FUNDAMEN"
740,1,"1900-01-01 00:00:00","2037-12-31 23:59:59",8520100,"ENSINO MÉDIO"
741,1,"1900-01-01 00:00:00","2037-12-31 23:59:59",8531700,"EDUCAÇÃO SUPERI"
742,1,"1900-01-01 00:00:00","2037-12-31 23:59:59",8532500,"EDUCAÇÃO SUPERI"
743,1,"1900-01-01 00:00:00","2037-12-31 23:59:59",8533300,"EDUCAÇÃO SUPERI"
744,1,"1900-01-01 00:00:00","2037-12-31 23:59:59",8541400,"EDUCAÇÃO PROFIS"
745,1,"1900-01-01 00:00:00","2037-12-31 23:59:59",8542200,"EDUCAÇÃO PROFIS"
746,1,"1900-01-01 00:00:00","2037-12-31 23:59:59",8550302,"ATIVIDADES DE A"
747,1,"1900-01-01 00:00:00","2037-12-31 23:59:59",8591100,"ENSINO DE ESPOR"
748,1,"1900-01-01 00:00:00","2037-12-31 23:59:59",8592901,"ENSINO DE DANÇA"
749,1,"1900-01-01 00:00:00","2037-12-31 23:59:59",8592903,"ENSINO DE MÚSIC"
750,1,"1900-01-01 00:00:00","2037-12-31 23:59:59",8593700,"ENSINO DE IDIOM"
751,1,"1900-01-01 00:00:00","2037-12-31 23:59:59",8599601,"FORMAÇÃO DE CON"
752,1,"1900-01-01 00:00:00","2037-12-31 23:59:59",8599602,"CURSOS DE PILOT"
753,1,"1900-01-01 00:00:00","2037-12-31 23:59:59",8599603,"TREINAMENTO EM "
754,1,"1900-01-01 00:00:00","2037-12-31 23:59:59",8599604,"TREINAMENTO EM "
755,1,"1900-01-01 00:00:00","2037-12-31 23:59:59",8599605,"CURSOS PREPARAT"
756,1,"1900-01-01 00:00:00","2037-12-31 23:59:59",8599699,"OUTRAS ATIVIDAD"
757,1,"1900-01-01 00:00:00","2037-12-31 23:59:59",8610101,"ATIVIDADES DE A"
758,1,"1900-01-01 00:00:00","2037-12-31 23:59:59",8610102,"ATIVIDADES DE A"
759,1,"1900-01-01 00:00:00","2037-12-31 23:59:59",8630501,"ATIVIDADE MÉDIC"
760,1,"1900-01-01 00:00:00","2037-12-31 23:59:59",8630502,"ATIVIDADE MÉDIC"
761,1,"1900-01-01 00:00:00","2037-12-31 23:59:59",8630503,"ATIVIDADE MÉDIC"
762,1,"1900-01-01 00:00:00","2037-12-31 23:59:59",8630504,"ATIVIDADE ODONT"
763,1,"1900-01-01 00:00:00","2037-12-31 23:59:59",8630506,"SERVIÇOS DE VAC"
764,1,"1900-01-01 00:00:00","2037-12-31 23:59:59",8630507,"ATIVIDADES DE R"
765,1,"1900-01-01 00:00:00","2037-12-31 23:59:59",8630599,"ATIVIDADES DE A"
766,1,"1900-01-01 00:00:00","2037-12-31 23:59:59",8640201,"LABORATÓRIOS DE"
767,1,"1900-01-01 00:00:00","2037-12-31 23:59:59",8640202,"LABORATÓRIOS CL"
768,1,"1900-01-01 00:00:00","2037-12-31 23:59:59",8640203,"SERVIÇOS DE DIÁ"
769,1,"1900-01-01 00:00:00","2037-12-31 23:59:59",8640204,"SERVIÇOS DE TOM"
770,1,"1900-01-01 00:00:00","2037-12-31 23:59:59",8640205,"SERVIÇOS DE DIA"
771,1,"1900-01-01 00:00:00","2037-12-31 23:59:59",8640207,"SERVIÇOS DE DIA"
772,1,"1900-01-01 00:00:00","2037-12-31 23:59:59",8640210,"SERVIÇOS DE QUI"
773,1,"1900-01-01 00:00:00","2037-12-31 23:59:59",8640214,"SERVIÇOS DE BAN"
774,1,"1900-01-01 00:00:00","2037-12-31 23:59:59",8640299,"ATIVIDADES DE S"
775,1,"1900-01-01 00:00:00","2037-12-31 23:59:59",8650001,"ATIVIDADES DE E"
776,1,"1900-01-01 00:00:00","2037-12-31 23:59:59",8650003,"ATIVIDADES DE P"
777,1,"1900-01-01 00:00:00","2037-12-31 23:59:59",8650004,"ATIVIDADES DE F"
778,1,"1900-01-01 00:00:00","2037-12-31 23:59:59",8650006,"ATIVIDADES DE F"
779,1,"1900-01-01 00:00:00","2037-12-31 23:59:59",8650099,"ATIVIDADES DE P"
780,1,"1900-01-01 00:00:00","2037-12-31 23:59:59",8660700,"ATIVIDADES DE A"
781,1,"1900-01-01 00:00:00","2037-12-31 23:59:59",8690901,"ATIVIDADES DE P"
782,1,"1900-01-01 00:00:00","2037-12-31 23:59:59",8690999,"OUTRAS ATIVIDAD"
783,1,"1900-01-01 00:00:00","2037-12-31 23:59:59",8711501,"CLÍNICAS E RESI"
784,1,"1900-01-01 00:00:00","2037-12-31 23:59:59",8711502,"INSTITUIÇÕES DE"
785,1,"1900-01-01 00:00:00","2037-12-31 23:59:59",8711503,"ATIVIDADES DE A"
786,1,"1900-01-01 00:00:00","2037-12-31 23:59:59",8712300,"ATIVIDADES DE F"
787,1,"1900-01-01 00:00:00","2037-12-31 23:59:59",8720499,"ATIVIDADES DE A"
788,1,"1900-01-01 00:00:00","2037-12-31 23:59:59",8730199,"ATIVIDADES DE A"
789,1,"1900-01-01 00:00:00","2037-12-31 23:59:59",8800600,"SERVIÇOS DE ASS"
790,1,"1900-01-01 00:00:00","2037-12-31 23:59:59",9001901,"PRODUÇÃO TEATRA"
791,1,"1900-01-01 00:00:00","2037-12-31 23:59:59",9001902,"PRODUÇÃO MUSICA"
792,1,"1900-01-01 00:00:00","2037-12-31 23:59:59",9001903,"PRODUÇÃO DE ESP"
793,1,"1900-01-01 00:00:00","2037-12-31 23:59:59",9001904,"PRODUÇÃO DE ESP"
794,1,"1900-01-01 00:00:00","2037-12-31 23:59:59",9001906,"ATIVIDADES DE S"
795,1,"1900-01-01 00:00:00","2037-12-31 23:59:59",9001999,"ARTES CÊNICAS, "
796,1,"1900-01-01 00:00:00","2037-12-31 23:59:59",9200301,"CASAS DE BINGO"
797,1,"1900-01-01 00:00:00","2037-12-31 23:59:59",9312300,"CLUBES SOCIAIS,"
798,1,"1900-01-01 00:00:00","2037-12-31 23:59:59",9313100,"ATIVIDADES DE C"
799,1,"1900-01-01 00:00:00","2037-12-31 23:59:59",9319101,"PRODUÇÃO E PROM"
800,1,"1900-01-01 00:00:00","2037-12-31 23:59:59",9319199,"OUTRAS ATIVIDAD"
801,1,"1900-01-01 00:00:00","2037-12-31 23:59:59",9321200,"PARQUES DE DIVE"
802,1,"1900-01-01 00:00:00","2037-12-31 23:59:59",9329801,"DISCOTECAS, DAN"
803,1,"1900-01-01 00:00:00","2037-12-31 23:59:59",9329804,"EXPLORAÇÃO DE J"
804,1,"1900-01-01 00:00:00","2037-12-31 23:59:59",9329899,"OUTRAS ATIVIDAD"
805,1,"1900-01-01 00:00:00","2037-12-31 23:59:59",9411100,"ATIVIDADES DE O"
806,1,"1900-01-01 00:00:00","2037-12-31 23:59:59",9412000,"ATIVIDADES DE O"
807,1,"1900-01-01 00:00:00","2037-12-31 23:59:59",9420100,"ATIVIDADES DE O"
808,1,"1900-01-01 00:00:00","2037-12-31 23:59:59",9430800,"ATIVIDADES DE A"
809,1,"1900-01-01 00:00:00","2037-12-31 23:59:59",9491000,"ATIVIDADES DE O"
810,1,"1900-01-01 00:00:00","2037-12-31 23:59:59",9493600,"ATIVIDADES DE O"
811,1,"1900-01-01 00:00:00","2037-12-31 23:59:59",9499500,"ATIVIDADES ASSO"
812,1,"1900-01-01 00:00:00","2037-12-31 23:59:59",9511800,"REPARAÇÃO E MAN"
813,1,"1900-01-01 00:00:00","2037-12-31 23:59:59",9512600,"REPARAÇÃO E MAN"
814,1,"1900-01-01 00:00:00","2037-12-31 23:59:59",9521500,"REPARAÇÃO E MAN"
815,1,"1900-01-01 00:00:00","2037-12-31 23:59:59",9529101,"REPARAÇÃO DE CA"
816,1,"1900-01-01 00:00:00","2037-12-31 23:59:59",9529102,CHAVEIROS
817,1,"1900-01-01 00:00:00","2037-12-31 23:59:59",9529103,"REPARAÇÃO DE RE"
818,1,"1900-01-01 00:00:00","2037-12-31 23:59:59",9529104,"REPARAÇÃO DE BI"
819,1,"1900-01-01 00:00:00","2037-12-31 23:59:59",9529105,"REPARAÇÃO DE AR"
820,1,"1900-01-01 00:00:00","2037-12-31 23:59:59",9529106,"REPARAÇÃO DE JÓ"
821,1,"1900-01-01 00:00:00","2037-12-31 23:59:59",9529199,"REPARAÇÃO E MAN"
822,1,"1900-01-01 00:00:00","2037-12-31 23:59:59",9601701,LAVANDERIAS
823,1,"1900-01-01 00:00:00","2037-12-31 23:59:59",9601702,TINTURARIAS
824,1,"1900-01-01 00:00:00","2037-12-31 23:59:59",9602501,CABELEIREIROS
825,1,"1900-01-01 00:00:00","2037-12-31 23:59:59",9602502,"OUTRAS ATIVIDAD"
826,1,"1900-01-01 00:00:00","2037-12-31 23:59:59",9603301,"GESTÃO E MANUTE"
827,1,"1900-01-01 00:00:00","2037-12-31 23:59:59",9603303,"SERVIÇOS DE SEP"
828,1,"1900-01-01 00:00:00","2037-12-31 23:59:59",9603304,"SERVIÇOS DE FUN"
829,1,"1900-01-01 00:00:00","2037-12-31 23:59:59",9603399,"ATIVIDADES FUNE"
830,1,"1900-01-01 00:00:00","2037-12-31 23:59:59",9609202,"AGÊNCIAS MATRIM"
831,1,"1900-01-01 00:00:00","2037-12-31 23:59:59",9609203,"ALOJAMENTO, HIG"
832,1,"1900-01-01 00:00:00","2037-12-31 23:59:59",9609299,"OUTRAS ATIVIDAD"
833,1,"1900-01-01 00:00:00","2037-12-31 23:59:59",9700500,"SERVIÇOS DOMÉST"
834,1,"1900-01-01 00:00:00","2037-12-31 23:59:59",9900800,"ORGANISMOS INTE"
